-- phpMyAdmin SQL Dump
-- version 3.2.4
-- http://www.phpmyadmin.net
--
-- Servidor: localhost
-- Tiempo de generaci칩n: 12-04-2015 a las 23:48:30
-- Versi칩n del servidor: 5.1.41
-- Versi칩n de PHP: 5.3.1

SET SQL_MODE="NO_AUTO_VALUE_ON_ZERO";


/*!40101 SET @OLD_CHARACTER_SET_CLIENT=@@CHARACTER_SET_CLIENT */;
/*!40101 SET @OLD_CHARACTER_SET_RESULTS=@@CHARACTER_SET_RESULTS */;
/*!40101 SET @OLD_COLLATION_CONNECTION=@@COLLATION_CONNECTION */;
/*!40101 SET NAMES utf8 */;

--
-- Base de datos: `practica1_509`
--

-- --------------------------------------------------------

--
-- Estructura de tabla para la tabla `amigo`
--

CREATE TABLE IF NOT EXISTS `amigo` (
  `nick` varchar(50) COLLATE utf8_spanish_ci NOT NULL DEFAULT '',
  `nick_amigo` varchar(50) COLLATE utf8_spanish_ci NOT NULL DEFAULT '',
  PRIMARY KEY (`nick`,`nick_amigo`),
  KEY `nick_amigo` (`nick_amigo`)
) ENGINE=InnoDB DEFAULT CHARSET=utf8 COLLATE=utf8_spanish_ci;

--
-- Volcar la base de datos para la tabla `amigo`
--

INSERT INTO `amigo` (`nick`, `nick_amigo`) VALUES
('user', 'javier'),
('javier', 'user'),
('user2', 'user'),
('user3', 'user'),
('user', 'user2'),
('user', 'user3'),
('user4', 'user3'),
('user3', 'user4');

-- --------------------------------------------------------

--
-- Estructura de tabla para la tabla `contenido`
--

CREATE TABLE IF NOT EXISTS `contenido` (
  `id_crucigrama` int(6) NOT NULL DEFAULT '0',
  `id_palabra` int(6) NOT NULL DEFAULT '0',
  `orientacion` enum('horizontal','vertical') COLLATE utf8_spanish_ci NOT NULL,
  `posicion_x` int(3) NOT NULL,
  `posicion_y` int(3) NOT NULL,
  `puntuacion` int(3) NOT NULL,
  PRIMARY KEY (`id_crucigrama`,`id_palabra`),
  KEY `id_crucigrama` (`id_crucigrama`),
  KEY `id_palabra` (`id_palabra`)
) ENGINE=InnoDB DEFAULT CHARSET=utf8 COLLATE=utf8_spanish_ci;

--
-- Volcar la base de datos para la tabla `contenido`
--

INSERT INTO `contenido` (`id_crucigrama`, `id_palabra`, `orientacion`, `posicion_x`, `posicion_y`, `puntuacion`) VALUES
(1, 1, 'vertical', 1, 3, 5),
(1, 2, 'horizontal', 2, 1, 5),
(1, 3, 'horizontal', 2, 4, 9),
(1, 4, 'vertical', 7, 4, 10),
(2, 1, 'vertical', 1, 1, 5),
(2, 5, 'horizontal', 4, 4, 5),
(3, 1, 'vertical', 1, 1, 5),
(3, 2, 'vertical', 2, 2, 5),
(4, 1, 'horizontal', 1, 1, 5),
(4, 2, 'vertical', 2, 2, 5);

-- --------------------------------------------------------

--
-- Estructura de tabla para la tabla `contiene_etiqueta`
--

CREATE TABLE IF NOT EXISTS `contiene_etiqueta` (
  `id_palabra` int(6) NOT NULL,
  `id_etiqueta` int(6) NOT NULL,
  PRIMARY KEY (`id_palabra`,`id_etiqueta`),
  KEY `id_etiqueta` (`id_etiqueta`)
) ENGINE=InnoDB DEFAULT CHARSET=utf8 COLLATE=utf8_spanish_ci;

--
-- Volcar la base de datos para la tabla `contiene_etiqueta`
--


-- --------------------------------------------------------

--
-- Estructura de tabla para la tabla `crucigrama`
--

CREATE TABLE IF NOT EXISTS `crucigrama` (
  `id` int(6) NOT NULL,
  `titulo` varchar(30) COLLATE utf8_spanish_ci NOT NULL,
  `fecha` date NOT NULL,
  PRIMARY KEY (`id`)
) ENGINE=InnoDB DEFAULT CHARSET=utf8 COLLATE=utf8_spanish_ci;

--
-- Volcar la base de datos para la tabla `crucigrama`
--

INSERT INTO `crucigrama` (`id`, `titulo`, `fecha`) VALUES
(1, 'Crucigrama1', '2015-02-26'),
(2, 'Crucigrama2', '2015-02-26'),
(3, 'Crucigrama3', '2015-02-26'),
(4, 'Crucigrama4', '2015-02-26'),
(5, 'Crucigrama5', '2015-02-26'),
(6, 'Crucigrama6', '2015-02-26');

-- --------------------------------------------------------

--
-- Estructura de tabla para la tabla `crucigrama_activo`
--

CREATE TABLE IF NOT EXISTS `crucigrama_activo` (
  `nick_usuario` varchar(50) COLLATE utf8_spanish_ci NOT NULL DEFAULT '',
  `id_crucigrama` int(6) NOT NULL DEFAULT '0',
  `finalizado` tinyint(1) NOT NULL,
  `ayuda` tinyint(1) NOT NULL,
  PRIMARY KEY (`nick_usuario`,`id_crucigrama`),
  UNIQUE KEY `uc_crucigrama_activo` (`nick_usuario`,`id_crucigrama`),
  KEY `id_crucigrama` (`id_crucigrama`)
) ENGINE=InnoDB DEFAULT CHARSET=utf8 COLLATE=utf8_spanish_ci;

--
-- Volcar la base de datos para la tabla `crucigrama_activo`
--

INSERT INTO `crucigrama_activo` (`nick_usuario`, `id_crucigrama`, `finalizado`, `ayuda`) VALUES
('javier', 1, 0, 0),
('javier', 2, 0, 0),
('user', 1, 0, 1),
('user', 2, 0, 0),
('user', 4, 0, 0),
('user2', 1, 0, 0),
('user3', 4, 0, 0),
('user4', 2, 0, 0);

-- --------------------------------------------------------

--
-- Estructura de tabla para la tabla `crucigrama_entrante`
--

CREATE TABLE IF NOT EXISTS `crucigrama_entrante` (
  `nick` varchar(50) COLLATE utf8_spanish_ci NOT NULL DEFAULT '',
  `nick_amigo` varchar(50) COLLATE utf8_spanish_ci NOT NULL DEFAULT '',
  `id_crucigrama` int(6) NOT NULL DEFAULT '0',
  PRIMARY KEY (`nick`,`nick_amigo`,`id_crucigrama`),
  KEY `nick_amigo` (`nick_amigo`),
  KEY `id_crucigrama` (`id_crucigrama`)
) ENGINE=InnoDB DEFAULT CHARSET=utf8 COLLATE=utf8_spanish_ci;

--
-- Volcar la base de datos para la tabla `crucigrama_entrante`
--

INSERT INTO `crucigrama_entrante` (`nick`, `nick_amigo`, `id_crucigrama`) VALUES
('javier', 'user', 1),
('user', 'javier', 1),
('user', 'user2', 1),
('user', 'user3', 1),
('user3', 'user4', 4);

-- --------------------------------------------------------

--
-- Estructura de tabla para la tabla `etiqueta`
--

CREATE TABLE IF NOT EXISTS `etiqueta` (
  `id` int(6) NOT NULL,
  `texto` text COLLATE utf8_spanish_ci NOT NULL,
  PRIMARY KEY (`id`)
) ENGINE=InnoDB DEFAULT CHARSET=utf8 COLLATE=utf8_spanish_ci;

--
-- Volcar la base de datos para la tabla `etiqueta`
--


-- --------------------------------------------------------

--
-- Estructura de tabla para la tabla `palabra`
--

CREATE TABLE IF NOT EXISTS `palabra` (
  `id` int(6) NOT NULL AUTO_INCREMENT,
  `caracteres` varchar(50) COLLATE utf8_spanish_ci NOT NULL,
  `pista` text COLLATE utf8_spanish_ci NOT NULL,
  `imagen` blob,
  PRIMARY KEY (`id`)
) ENGINE=InnoDB  DEFAULT CHARSET=utf8 COLLATE=utf8_spanish_ci AUTO_INCREMENT=9 ;

--
-- Volcar la base de datos para la tabla `palabra`
--

INSERT INTO `palabra` (`id`, `caracteres`, `pista`, `imagen`) VALUES
(1, 'Ola', 'Sin la h', 0xffd8ffe000104a46494600010100000100010000ffdb00840009060714131214141214161514151815171717181717171818181414171717171417181c2820181a251c141421312125292b2e2e2e171f3338332c37282d2e2b010a0a0a0e0d0e1a10101a2c241f242c2c2c2c2c2c2c2c2c2c2c2c2c2c2c2c2c2c2c2d2c2c2c2c2c2c2c2c2c2c2c2c2c2c2c2c2c2c2c2c2c2c2c2c2c2c2c2c2c2cffc000110800b7011303012200021101031101ffc4001c0000020301010101000000000000000000030400020501060708ffc4003e10000103020403050604040602030000000100021103210412314105516122718191b11332a1c1d1f0064252e1146272f11523338292b253a2162443ffc400190100030101010000000000000000000000010203000405ffc4002b110002020202020102040700000000000000010211122103314151617191223281b1134252c1d1e1f0ffda000c03010002110311003f00f30c476213023b02f791e6361588cd426046684c02e15c1540ae02c62e0a234a186a2b42c108c28cc282d088d40030d28ed097a65394db2918e8e0088d0acda68cd625b185e2148477d2540c58c502b80a10ba02c0099159ac57a62c88c6a5b08034d40c4e7b35c75242cd4265886e6ad0346c83528591b350a353148a1b990b94dc88a3cc08d46a25e9d4440e4ad0c98f93212d528ab517a69a252f453b14a541a75d50f11c20402dd1680a411e952396da2572a0d1e6eb70bb245b84017af066c96c46040170994fd9a8f37ec945a870bd144d603e5cd6a3d36aa342669ab9cc75ad4765351b4ca628d3251b302f66ba18b469d19b1b152a610842c3422d6a331a9ba78295414883042161a2ada6ae189bc3514e1c0822c95c86513303133874534365c14906c2950f8a6080adec2d2834ea11aad1c0bc153b686a150d557d1909b0c05d013cdc0d9072a328d9e7f22ee54e57a30484314d358b452904c00879130c6d906c28b329a3369aed369b23e4d92b63a01ecd43465a980d5d7b50b0996ec3249f4eeb6ded316597505d3c5929200111ae5c21702610618e5a78374aca626a8d484b24522cd4ca894c91dc8741f2b4a9d3042e794abb2a8cc690093cd5aa3e6db2b57c39050430ca654f6620a4a2289516b663e31915da6176919d113f8471d2f2bb72390b52c480b6f843039d13ae8b08610cd82d1c0d5f66e05d22e04c1e7f14ad813aecf494f0061c4fe5d2755d6e1e2cef0297a3c5854311198fa6fe69ba98826ab6982cd0b9c49ed00390dd49b65934fa1aa7826868235dd29c53060905b78b20715c67b122a3a6088205db07d3f759185fc4c1932d0e933e634f82116dec129c5699b14f0e40165a3866ac767e2861bb59d98df52792d8e19c49951a08197a1b792cdb1a328be996c561ba5d0db8595b99336a9290d90764aa43b423fc318b8546cb745ab4a1cd904141ab86472050be1b1206b122d3dfcd0687153ed476c7b23397a9ebd35591f895a58d8b82e23e091c339e3288d2e21c03adbc688e36734f99c6589eb3134dc4cec51307464909367150ca41d52ee68f766e74bc78a7f05c45ae6b5cd113a8e491b65e328b7d97fe135436320dd0aaf12735e04183f729dc4feae8b5b1ad3e88d6decae12949e2c66519f53b4b1ac642ed7a7012f4ea4109fad7684add3196c41a97c4e1d30e08b68ba7ba076623e9a1c2d5a81a6c2c92ab4613a64dc4034a2b5c87955dad4408d1c1d55b7852bccd07415bd82ab2a1cb1d158b1eab4c148d4a706d75a4d54752bae78ca8768cf9513e688513668147c230c224653235baf55c0f0b99ad2672c89de3489108ded88a8d8a4ccd17320d8f402e7c56852c4bd92eaa1ad681240d353044776eba2536c8c2297631430540d491a899e4635b6de094e2d870f0f05a1d4ef70402d7377d3c15f86be5a1f9c001cf2635881022f6ee29bc5071134c802419900831731b836b2452763b568f2b84e16d92e6d404364f6ad1026f085940ab9f3cb5c0b4b813ef6524c883ac4792dec56500d9cc3980bf64d474d8068d8dc6be052830eca799ce6b4e52e7168ca2ed896e524dcdb6dd554ac83851e778c3b2b5afa4e964416ccc48139bbe3e0b18891985b98d57aee2d44d6a45cc6fe51904892c172328b133b2f1c2a41368e9bab4368e5e654c77f890e8ece581a3440303537d51300e26a7bc493ce75daf29165436234f44cd2aa0dedb77fecb4a24e33decfa1f07e3218d0ca872de03b5683c9c4e894fc55c621c1a351a917077b735e6eb349635e1c489caf17dbdc77c967e2aa1891b7c2f79508f1d1d93e7d51e8e97e210c10049d496db71e6bdb60314d7520e90473efd3b97ca303424e67580227aeeb73f10712cd4c359200e522fd4724ce17a121cee29b7f6363f16e3a9bdad683da076e51a4af2f76da2cad441f78ea07c823d36daff00737544a951cdcb37c92b177bc5ee4cfddd3785aeea60163c893703e88188a6191ccde3a27a8e2cfb3c8d636fabb7d7645a27196dec6a9e3df9e5e7334f3b6d6216d60f18e30c745f9691b15854316030b72e68be6d9be7e89da3c51a58dcc672efba9ca3f07571727b91bffc2432375da587741948e0f8db0b0e622761fbae3f8e8f7411279e9c92548e87c9c7dd9615eeb6b08f96ac06bc4071dd68e1b119646a3bd0923714f7d8ed4a485d16861aa0704be2d9052296e8e968ce22eaf529ca2399745632c9ec5325d4d758cba73114905ad4f60a06e6a6f0556085484288283d84f5345d2158acfe1d8c11053e1d2b8a51699424a8a28818f8962a955a5395ee7c09320b4b3af51d56bf00e322a3dcdaae8f68d833eece800e5ccf39d967e071f507f9ac7fb5b1195d0e70040d04cecb1abfb2a8496b85326e5ae072c93a076de2bd1c2f479f9e2ee3f63d356c07b3697d021e0120b44e61aea6c748db748f0ffc4555ae19802de5fdf440c1718c461cde1ed2224ddaee5da1b8f9a37f8d53abd9c4d3246a1cd395c09dcc8b85b175b566cd5e9d337b0df8ad954647ff0096eda6e24ef3b1d2ebc6630e25b9c3f3decf264823683cbaaf4d8efc394aad2cf86a81c760e22fce0ec7c179a388aad9a6e73806f64b795f4036478947f94dcee7acfee8ad0e2d518006bcc0d07cc0d969370acc5b6418af94811195ef68900f227e8b371347330d46b6c3de16b75eeb8f149d0ae58416922e240e9b83cd570b5a39b3a752da0f859638c8e6d734ea0eddca120dda209d413e3239af47480c634177f97886886d423b3506c1e635f458588c24121cdcaf0608d89462d3d3ecd3e3696b687b82d60d700e300d9d11a1dbd135c7302293c6432ca8dccd3cb623cc2c17b9cdb440b2dc0e6d5a01c2cfa5ef3675693323bbd3b92ca34ec684ae2e3e4cec11712d6c5bb44f7e68f92d4a9443b7fb094c13353d3efe28986ad2d8dc0bf8941ad93f05aa5b7d7ebfd932db0e96f44966db7bfc60ad06fbab0b65cc449d4dcf772e890a98c97646d81892bb55e60f97aa4b86d3cceeff0041fd9124d9b34a3289f746839f5299a34b3dc9b72092f7de1bb7a009daae3eeb2dd792c1411d94032ab87c1e79ca1d1cf4f9a7703c3c0cb9bb45dcc6cb71e03443469648e75d168f165b679acd5698cb78b1b8e49cc16301d601dadf05a2f666d52efc001768f0fa256d31a10927a7a36f8754d13b8d6e611cd63e0ebc770f8596bbde0b6573c96ecf522ee342376fbda734cd0702a62c4b7be1070b4b28947b415a617114d2791688ba05565d68b1850b571c119cc432d4e0044c15ab85c4f660acd7b1128b90924d18d4fe2544906a8a78218f8e3f82d66c3a990e69d0b5c3e00994ab30755eeb87070e60eddfcac97a05a0f681205e3e456ad6e2e0d30c697c882d262c7704ee177dc8f19383ef467d3c4541201227503e616af09a74ea59f21c20e6009681b878bf9859a7172248970d279748baed3ace6196be1d3eeed1cc382692b5e831924efb3d0e26957a1258000e801c3dc7c685ae1a1be85354f194f16451c537d954d5af020931117d8c68b3787f1f753ed49126e751e2275eb64ee26b53c406e5391f737820ed68bc775c7251716bb5fa9d4a49f4ff004627fc354c1bc1aad0ea4e96e6170e1691dfd12189c2343a5833d23799d800483fa5daad5fe1b114587d9e6a94c8399a3b6d88ed4fd4425b095d8f7186e46bb56cd81dcb49f43e69d37d929417e5ebebfe7d19a71ae8194b9b103536ca4916f10b659c61b59803c37db36351d9a8d1b3b91ea81c6b84e4edd3bb206602f1fcddde85620104278a5256894a53e374cd9e20d6c35cd3ef6ac3399a4012277d57783bd99e2a4e574b67fa81893d0c20f0fc6dfb4039b1041dc6c47220ee9ce1d8767b40c7ff00a753dd74ddae8220c6f7f445fe5632dc9340f0adcaf701b1208f9aad56e5a81db1b1f1b7d116bd07537b83eee65c9fd6c10330e66e3c95ab00f6dae97e4492a38e10e8e73f5f9a6a8cc1f825c196870d46be1aa6f0ae07e69589e45714d916dc7c92f80194bbfa42d07d3d46f2526d6c1f30b0941700f977523d4ad8e1e03aab46c3fbaf3f83243fb801ff00b05bbc21f1559d5deadb2593d0f05b47a8c252ed67da4c785bea9875e6cbb816f61a02e81165cf7b3b6b4250a17802eb95cc12102b3bb329c984043acb4862621a3523f6584c240e49ac3d61a94ad1d1c6d2e87319548103683f14d602ac8bac7ab54411f14e609e62db73e695ad158cb66b442e546ca46a620c81e6b4290ec8291aa2a9a62ee62096a75ed943f668a9185610dc20a66a320ae3a9c84e9999c6d4510eea2d403e194dcaf7e484015763976a3c3640e5704cdaff00b2b4755484ea8070020f29fbba332b968b69cbaf4432d5d2dd2754e64da3d5fe1de28dd731691a81eae0751d51b1fc3daf3ed1c433358bc0963b9170d5a7aaf1e090438588dc7cd6d51e31fe5c16e9b4f65d3a903f29eee6a12e369da3b21cca51c646b61b058ac3ce40cad4c0d3de04385e39774acdc761a93c4d369a6f07b74ccdb48c937011b86d47f69d46a41b431c6d03569faaed6e20da87ff00b14cb5c3470b16f5bea108a698658b8d7eff00d9f830eb502d77284d61ebc88d373dfb10b6bfc283da5cc7878fd4dd7fdcddfc16462b08ea6e875b911707a8e8a8a4a5a22f8dc37e062ae21c5e1ce32e110751a7c677e68efc2fb302a34934cc13c8498b74b849060cb33237e9f764df07c7fb37fb379191fa177bbdcee874f14b2d2d0d1a7a9792f45a038f27faabb1d94c73d3c12ae1ecde5b70c9eccead3c8f5f9269ed0ef59e45064a51a343170e878dc4387f30b1f317483a9fdf346c3d4b969d0dff0070acf647a849d6812dbb10a94e1c48fcc3e29aa15887078db2b877b7508b903872282d195d9763a77fdfcd06189ef7865704020d9c3337b8dc8f0253359b70765e5ff0e62241a44f6a99cccee3b7c97a8c3d6cc20d8e87bd73c9533b53b4258a17d12b51d0345a669ae1c08216c85c4f3d5ab826365c6d44df10e1067b3bea91c5614b39a7ec29d686a8d5ba7e8d56f8f35914e8981369f82a54ac4686612d14ca8f49408d4f9ad6a3194af1d431648eab6c62b2d2026ee29251b2d091a8c562167371407c118e2ee3aea91c595b0f569a5e92669d49432c87229f8332a69288b0a2d603f3fb5f94cb097742dd8eb3b21822c79edf42839c8dd75b53efe8bd1a3c561daf460f9ef4ad959ae44461f2792ee59faeea8da9d5158d9d1329001b4f81f878abb4c6b6f42ac590a6ba5fa6e9ed0522cd04196120f42b669f152e6035581ed6d8f313bf45800f82770d8c820b84ede1c8f441abec784e8d7c1d20e25d86ab07f4186b80f472352c5eacc488336745bb9c36ef0b1ebe043bb548c6f1a79155ff0013a8d05b50075a0170923c771d14dc2ffed95fe263dffa357fc34939a91ccd7490cdc8fe43f9bbb5e890a946011f93706c5a79744df0d7e76e6a46088cd489b13139a99999b15b388c5537b432b0bb840ab1711b3e3de1b24726be47508c95f5fb1e76957cbd9abda6e81db8e53f764e37b260e87dd74c83d27d39aa63387be9bb29399a6ed70bb4db49fb212d86ab965ae12cddbbb7ab4fdf826ed684717d33449d04f714d31e1c20d9c3e2b3c10e100c8e66c7fddc8f55da6f2db1d46fcc7d52344da1b208bf2d55aa01964dc73dda7e8acc21c265564b4f4dc2516a8e3310e696d467bcde5a11c8f45ebb876385560a8cb1dc1e6362bc99a605db61c973058e341e5c0760fbcd1b7f30492897e39d68fa034e713a108b4dd1aac9c07116b80734820a7fdb02a2d1d161dc95af403ac44a2675c2e59068c4c7dacb309badbe23475701deb21cc5444eb67288b8ba7e8bbb5c80d7ea92a0d899b1d9185590832c9d2197d7cc6cad4aa9913cd26d7a6a93faa0d1a136fb37706e94db45ee6565e02add69d07495291d29e82c28ad0ba92cc7e6e0a65556b4a2341e4bd9b3c568e42b0f8ab3402ac692da051585663d5722e14ae223436cabe7f28dd5a01d3549b1e8ada810a005f687437f5501b731f762aa2a59741d3aa64c361a9d700dadd351fb26dd51ae6c117f82ce7b6f7fa2231e5bd47dee88ca541a9d32d707b3f290637b7aae50c7b9b3c8992ddb59f057a4e9b8d45fef9ab9a6d7f472da0d7f4b1bc1f1630586f4c9bb09bf7b791ea8d568b4cba99b08ef1fd5cbbffb2c7ab827b2f123985da38d70b8f786fd3914ae3e50cb91ad487dc1cd9b89ea2c4786899a55c16f51a826fde0ee1274f886c5a04ea351de3769ee560c693d8323f4cffd5c91a29698fd23bb0cc6db8e853d4de1e3af2dd61b2b39a6036e3c1c3e4e09ea38a0ebe91f9869e2350a6d1b11882d307fbf77d171cddc5d15af0603bf6f0437b20d8f8fd528b881c35775325cc3d4b763d4722bd170fe2e1e355824076b63cc2054616991e63e696868ce8f72dc5f55c762d794c371323deb75d8fd16951c683694b457266abf101d6d8f34134413b21072b8acb51afd8b62db1af8203499d0ad02f0e89456d16cdb74074cca630a62934930b4a9e1c41046c9cc2e05a008f19bca0d958ab2bc3308677eb2b6a9510db8942a4d0040d932d2a326d9747614568514ec63f3534108ac7840654fb9f9260653b8f1b1fa2f611e434143477fc57418fa69ea83ec88bde398fd95da79107a6e98019b750d1080f8fcc0b546d33f95d2160177d22844265959c3569f0bab7b561d7e616b15c50a072231f09876141b836427e1dc3a85857068236a73bfaab013307c094ae52884c1bc2c0d86122c6d3f5566b88ea3c88ee3b2a35dcc59588e5ea8868770f8cd813dc75fdfc15aa35953510798f9ace2cbf23f0fd9354ab459c09ea2c7e8e5be8327e182af86736da8fbd39a152ae58e91e44483de0ad26906cd70ee369f02ab570bfa87dfafaacfe4d879446711638005a41dc83e51378e867bd72b61b368413cc59de5fdd01fc3a6ed329705ecb116fbf2498a1b292ec7b0d88ab4fb3ef3776bb51ddfb2d3c171469b1b1e4563d2c71d2ce1c9db77385c2bd4aad91da8e5304783877a471289a66fd464dc5fe7d42a36a45966d2c439a64091d20a7bf8d63b5f7b9687c3e8549c5a0e2991f481d2de880ea516b8f447a6f691675f93bb27e2ba12b328b44c2f12aacb1ed0eab570fc5d863334b79c090b1dcd1dcbbecc8bfa251d367a8c33e93c88a8d07a9cbeab5a970c3a8208ef5e045406ced7c93386ace67fa6f23b8c7c07d1069f81e334bb47be18233cd5db45c1794a5c7b10dd5d3ded07d16961ff001356fccc63bfa65beb291a9164e2cf4345a530c5894ff14d3fcec7b7c03bd0a37ff25c3ea6a06ff5023d429b4fd154d7b36c151650e3544fff00ab3fe4144b831f247c3b0b8176229e6606970998dfa1bd8acbad44b0c38161e4442d0e0d8d7517114ded7349b8263c6fbaf44ee2ad7b63118625a77cb9c77822e176a9ca3f438f08c97c9e3e9567b7dd711dc7d519b8afd401f815b6ea581be5f6ad3b41d3c0ea9234289319ddde69fae574fc15a324fd90971b5e502a6e0476493b96fd01d7cd56a319fd27c40f04c3b8589ff2ded772cae00ffc5d051a8d6acc0416e76e8439a0e9dc9b2f40c7d8943868e95c158e8483dff54f1ab87788731d45c342d36f22a3b0048ff2ea53aa393acef8a397b40c3d3156b9c2f1f7de111988da3e5fb20d5c33e99bb1ccea2e3e0a8daf3ae53df629bb11daec7db51a6c6c7790ae70e0e9047421282a837ed7a80ba1ff00dfddf8ad41b0edc111a11dd307c8ae36977f804ce1b13faae3ac387df8aed56030437fe2e9f811285b0e11ad0b891a8f1d09518790b1da2de0ac6ac6f61b39bf4566539fc80ff4bbe456168b64cd169e9bf845d59b88736c64b47301c0788b8f34100b4eae6f470fb8446e2dc04103ec755b61d05ca0dee0f3699f4568711a0781e7e612edacd2648f11d923b8fd511b58eb209d890418feb69d506c604fc331da764f2363e07f641341cde7f7d7429dab5ccf6848e719bff66fce55c39bf9491dc730f2d7e0b58290ad1acddd91d5848f36e899a50fde794ebf0f942e1a01da6471e872bbc8c142ab848fd4de8e1f3b141a4c741eae10b09049611b3a7fb855657736e5a4f507efd12eeaaf88712e0349931dc750af46ab372f6756c3878848e3a1ad1a34b89b0eb9813cc4fa2728d5a67dd7b49f23e4565d3666132ca9a080435fde41d55aa70a313161acc5bbc824053718fb2894bd1a95299fcc2ddc82fa2d1759792a334ce07432df812159b8f23500f74b4fc3543f860b34a9d3fd2e23ba47c1354eab86ae69fea807e4b1e9f111fa4f8383bfed71e6bb538ac6ae03c3e84a1830a68dd7d6747b93fd267d52f531e1befb2a0ee693e8b0ff00c648fd1e204fc021b78e913da75f630e03b8655b063292365dc568ff00378d23f45179f3c7ddff00908ff637e8a2d806cc06e101f75de047d15e8d4a94cf65ee6f715144c4e875bc56a7e70ca93fadb7f31099a188c3becfa259fccc77c9ca289f14c47266be1f85619ed863dd27f5077ca021d7fc3355a259543872b8f59514517371745a308cd6d18f59cf6187ebe07d1719893a403f05145d48e495a95176e36349f32ba713372d9ef0d2a288c762e6c99e9f200ffb87a1563a406c8e8e23fec145167a0a93642e60d5af0ee72d3e90accacc27fd420f22dfa2ea8899ba0c2bce841f023d4423b69c89200d7bfcc1f928a256521f8bb0941ce8b3e7a384fc400533918e10e68ef1a0f0514496c6493055f86c7bae2de861c3ea95386731b988b7ea698f815144e9d894769500ebb4fc8f9844ad86220bc789b9f317514425a743457e1b06047e50475b8f2b11e68adaf366f67980491e4e0428a2c02cd05c60069f0ca7cc1849be9b260cb4f7ca8a26467d14760cc487023bbfb2bd2f6d4eec7b877387c4151441a4fb0af82d87e32e6987318ebdc16813e49cff0016c39680fa05badd8ee7deb8a257c511972c900aefc3bffd3796f47b0e9fd4c3f2407f0f79f7648d887ebff200a8a294db82d14854decccc531cd3da2413ce0fa4a5df4de458823ef985144fda41aa742c68bfee1754510c518fffd9),
(2, 'todo', 'Tu tienes de --', NULL),
(3, 'Almendra', 'Fruto seco', NULL),
(4, 'Dado', 'Cubo que se utiliza en los juegos de azar', NULL),
(5, 'Perro', 'El mejor amigo del hombre', NULL),
(6, 'Gato', 'Animal de compa침ia que caza ratones', NULL),
(7, 'Leon', 'El rey de la selva', NULL),
(8, 'Unicornio', 'Animal mitologico con aspecto de caballo', NULL);

-- --------------------------------------------------------

--
-- Estructura de tabla para la tabla `palabra_resuelta`
--

CREATE TABLE IF NOT EXISTS `palabra_resuelta` (
  `nick_usuario` varchar(50) COLLATE utf8_spanish_ci NOT NULL,
  `id_crucigrama` int(6) NOT NULL,
  `id_palabra` int(6) NOT NULL DEFAULT '0',
  `respuesta` varchar(50) COLLATE utf8_spanish_ci NOT NULL,
  `fecha` timestamp NOT NULL DEFAULT CURRENT_TIMESTAMP ON UPDATE CURRENT_TIMESTAMP,
  `usuario_respuesta` varchar(50) COLLATE utf8_spanish_ci NOT NULL,
  `correcto` tinyint(1) NOT NULL DEFAULT '0',
  PRIMARY KEY (`nick_usuario`,`id_crucigrama`,`id_palabra`,`fecha`),
  KEY `id_palabra` (`id_palabra`),
  KEY `fecha` (`fecha`),
  KEY `usuario_respuesta` (`usuario_respuesta`),
  KEY `id_crucigrama` (`id_crucigrama`)
) ENGINE=InnoDB DEFAULT CHARSET=utf8 COLLATE=utf8_spanish_ci;

--
-- Volcar la base de datos para la tabla `palabra_resuelta`
--

INSERT INTO `palabra_resuelta` (`nick_usuario`, `id_crucigrama`, `id_palabra`, `respuesta`, `fecha`, `usuario_respuesta`, `correcto`) VALUES
('javier', 1, 1, 'ola', '2015-04-12 16:05:47', 'javier', 1),
('javier', 1, 2, 'todo', '2015-04-12 15:48:28', 'javier', 1),
('javier', 1, 4, 'dado', '2015-04-12 23:47:58', 'user', 1),
('user', 1, 2, 'todo', '2015-04-10 15:10:38', 'user', 1),
('user', 2, 5, 'perro', '2015-04-12 23:47:48', 'user', 1);

-- --------------------------------------------------------

--
-- Estructura de tabla para la tabla `usuario`
--

CREATE TABLE IF NOT EXISTS `usuario` (
  `nick` varchar(50) COLLATE utf8_spanish_ci NOT NULL,
  `contra` varchar(50) COLLATE utf8_spanish_ci NOT NULL,
  `fecha_nac` date DEFAULT NULL,
  `imagen` blob,
  `puntos` int(5) NOT NULL,
  PRIMARY KEY (`nick`)
) ENGINE=InnoDB DEFAULT CHARSET=utf8 COLLATE=utf8_spanish_ci;

--
-- Volcar la base de datos para la tabla `usuario`
--

INSERT INTO `usuario` (`nick`, `contra`, `fecha_nac`, `imagen`, `puntos`) VALUES
('javier', '1234', '1992-08-12', 0x89504e470d0a1a0a0000000d49484452000001000000010008030000006bac58540000000373424954080808dbe14fe000000009704859730000074400000744012a51fcd40000001974455874536f667477617265007777772e696e6b73636170652e6f72679bee3c1a000002ee504c5445ffffff010002010002010002010002010002010002010002010002010002010002010002010002010002010002010002010002010002010002010002010002010002010002010002010002010002010002010002010002010002010002010002010002010002010002010002010002010002010002010002010002010002010002010002010002010002010002010002010002010002010002010002010002010002010002010002010002010002010002010002010002010002010002010002010002010002010002010002010002010002010002010002010002010002010002010002010002010002010002010002010002010002010002010002010002010002010002010002010002010002010002010002010002010002010002010002010002010002010002010002010002010002010002010002010002010002010002010002010002010002010002010002010002010002010002010002010002010002010002010002010002010002010002010002010002010002010002010002010002010002010002010002010002010002010002010002010002010002010002010002010002010002010002010002010002010002010002010002010002010002010002010002010002010002010002010002010002010002010002010002010002010002010002010002010002010002010002010002010002010002010002010002010002010002010002010002010002010002010002010002010002010002010002010002010002010002010002010002010002010002010002010002010002010002010002010002010002010002010002010002010002010002010002010002010002010002010002010002010002010002010002010002010002010002010002010002010002010002010002010002010002010002010002010002010002010002010002010002010002010002010002010002010002010002010002010002010002010002010002010002010002010002010002010002010002010002010002010002010002010002526d8bdd000000f974524e53000102030405060708090a0b0c0d0e0f1011121314161718191a1b1c1d1e1f202122232425262728292a2b2c2d2e2f303132333435363738393a3b3c3d3e3f404142434445464748494a4b4c4d4e4f505152535455565758595a5b5c5e5f606162636465666768696a6c6d6e6f707172737475767778797a7b7c7d7e7f8081828384858788898a8b8c8d8e8f909192939495969798999a9b9c9d9e9fa0a1a2a3a4a5a6a7a8a9aaabacadaeafb0b1b2b4b5b6b7b8b9babbbcbdbebfc0c1c2c3c4c5c6c7c8c9cacbcccecfd0d1d2d3d4d5d6d7d8d9dadbdcdddedfe0e1e2e3e4e5e6e7e8e9eaebecedeeeff0f1f2f3f4f5f6f7f8f9fafbfcfdfed585c31b0000088d494441541819e5c179784e671e06e0e7fbb24862aba519b58dd862ab1adb989889adb19421462b86da97b19451caa068d0b4b6981a8da2224ca9ad35a31a51c4be17691a0cb54b288988c8f63dffcdd5ebea15d4929cf39d3739bfb7f70d14bdcaa3d6ecb9989d76f9d4c6299dfdf16b5365c241171ff1ddfb414efc7a04aec8e613523e0d2d895f85969b5d7cba075b879783ee02b7f3793257b586ce4accc8624112c69483ae82bf6761dc5f5e173a2abf828595b7b139b4d32f8546ec78155aa9be9d461ded0e7d04dfa409710da18961d9342577710568c0f39f34edf6684f4857723bdd91100cd94ac4d13d79e11e10cc6b0bdd165f056239d7d202b7ba4228c7725a63be37449a44ab1c7c010235c9a6650e948238bedfd1423b7d21cd225aea2b6fc812e2a2b5367b42129f2bb45a0c24194eebf5811c8e245a2fa522c4e84e1596438c3d5421bb1284684935c221440cd548764086cb54a41e44a8425506428437a8cac710613e55390e113650951f21c23754c5e501094e50998a90e02295a90b09ee52993f40823b54a62524b84a651a418233542600121ca732fe90601f95290d0962a98c13126ca62a9910613555b905119652954b1061015549840853a9ca5e88104655564284a654650a44284b557a4386142af23bc8b09f8a94810cd1542319424ca31afb204418d55809219a518da910a22cd5e80d296e5289a610a2512a951806195adda61aae7190a0d53d2a331102eca23a992fc2f6ea53a569b0bd30aa140ddb1b429536c1f6c652a558d8de10aab419b6d78c2a2d84edf9e452a171b0bf042ad413f6f76f2a5407f63791ea24438010aab30102f8539d3190e02a957905122ca12aff83086da9ca6c88e0bc41451a41860554e30484a8fc804af486141f51854427a4f04fa5027f861ca368bd2f2088c7715a2da31a241949abad872801b4da50c892448b55832c91b4562284e9446b2d8430be99b4541748f315adf4c00fd2bc452bc5419c3ab4d204c8b38fd6c9a90c797ad33a1b2090d7555aa61d249a46ab244224ff2c5a640c648aa135ee95854c2d688d2848758896680ca942698558c8b59deecb6d04b9eae7d06d51906c3edd95f622242b9b4c374d846c83e89ef325209be310ddd20bd2b570d10df1906f26cd4bab09f99c5b695a2fe8a0dc799ab4087a689249538e784313fd69c69d1ad0c6129ad003faf0de4bc33e804e4aeda2418ba017dfad34642e74e3bd9106cc817e3c56b1d06642478e252ca4a9d0d4db992c84f4c1d056e00116684f0034e3d900f93c2664f2b91e4c70225f2307345066dbfd6e7828f0009fe378433cd4277ba32fc4ab798acc7b070f798c39cf67b836c50bf91ce1240f578570c3eef127313e78c8d171530e9fe08afb8b271e2ab9913fb9d31792f9ff873f3b54098faa34e5073ee6c7b9b5f1a86a27f8b375e52156cf9bcc77b5391ee36cd1f7dde8bdd7c93b47d7cd1e14ec83c7042533dfd58e90a9cc4a3e2ab30f9ec2af3c9e6240161fb5d80f02b5fb81bf10f31b144ae5b5fc85a45690a6c1163e296d9c270ae435319d4f70adab0549aa2ccfe5539d6e83027448e453652ff687142f4464f2993e7b09cf51753d9f297d462948e033e1369f277dc9eff10c414b33f83cc9a3bc6077ce019758a0a47f54c5137e3bed2c0b742ecc015beb7a8a859217f7663d5fe4f3ad3f70a78b8572b43dec2b68370d705ddbb73a7ce8d0596bf65fa7115f37852d79f73dc422b2a79727ecc67ffa7516a14b932ac04e9ac764b188652e7b193651eacd032c16bbc27c51ec3c3bafc960b1b9bbb28313c5a97964328bd9b5794d504c02a625d11612265747d1ebb28bf6e1dad11e45caf9fa71dacc81d75064bc0626d1868ef574a028788fbe489b3afd570794ab79843616eb0fc5c2d2686b3742a092df32da9d2bc20bca344ca000076b409137ee5384d4ce50a27b0e85c86c070542b228c6bd56b0dc9f3228c89d5760b1e677294a4a202cd5e83685b9520316f23b43718e79c13a9114e83d58a68d8b02e53483454a5da0480925608d280af5212cd19152e505c102ceef29d6b70eb8af0f050b85db9c0914ec18dcf63a45eb0637394e52b42370532885eb02f71ca570fbe19606142f10ee9845f166c21de728de19b8a13935d00ce6cda706e6c134e7556ae08a1366b5a616fe08b3dea516a6c3ac386a210e267965500bf73c614e2b6aa205cc79879a781be6fc979af812a63852a9895b30a50ab5510966b4a336dac28cbf511b2360c6026a6321ccd84a6d6c8319e7a88d0b30c13397da70f9c0b88ad4c84b302e801a0984714da89116302e981ae900e3ba5123a130ae1f35d21fc68da44646c3b8c9d4c8141837871a791fc62da646fe05e3565323ab61dc166a640b8cdb458dec8471f1d4c81e18b78d1ad906e33652231b60dc2a6a241ac67d4c8d2c8671f3a8910f605c3835321dc64da246c6c3b8d1d4c8081837981ae907e3c2a8915018d7991a690be3ea53230130ae24f591eb05136e521b1761c6116a6337ccd8406d44c38cb9d4c60c98319ada180033ba511b6d60c6cbd44675985186bac8f18029d7a9894498f30535b112e64ca22646c09cb6d4441398532a975ac8f08449df520bbb615614b51001b306510b3d6156f9746a20c50fa645500393615ec5e80c0a77775969b8a3ccd0fd146c77ff92705b60c4758a7465762d58c3b3eba64c0a93b1beb3072ce4dbe5a3f314e3eca24e3eb05ebdf13bb2697b0fbe7eab3694291dfac979dad8d925dd4a4235ffee7376a6d376d2b687bf561145c5a3f1f04f135db489bcd3cb863470a2c8950bf9fbf2837759ac52f72d1ddbbe0c8a53d54ee3571cbccb2297baff93b1af56865d54eb3ceac3cf0fdda07aae6b07d6468c0ca90c5bf2a9133274564cfcc56c5a2eebc2aee8f70677a855022294abd33a74f8b4456bbf39959c4bd3726f9cdcf159e4d4613d826a978558ce0ad5ea366e19dcb147d880116327cf8c888c5af5f996d8f8c3a7ce5ebe999e9b937ef3f2999387e363bf5c171d15193163d2d811037a77ef18dcb2719d6a151c50eefff8a6baec6fc939aa0000000049454e44ae426082, 15),
('user', 'pass', '1992-08-12', 0x89504e470d0a1a0a0000000d49484452000001000000010008030000006bac58540000000373424954080808dbe14fe000000009704859730000074400000744012a51fcd40000001974455874536f667477617265007777772e696e6b73636170652e6f72679bee3c1a000002ee504c5445ffffff010002010002010002010002010002010002010002010002010002010002010002010002010002010002010002010002010002010002010002010002010002010002010002010002010002010002010002010002010002010002010002010002010002010002010002010002010002010002010002010002010002010002010002010002010002010002010002010002010002010002010002010002010002010002010002010002010002010002010002010002010002010002010002010002010002010002010002010002010002010002010002010002010002010002010002010002010002010002010002010002010002010002010002010002010002010002010002010002010002010002010002010002010002010002010002010002010002010002010002010002010002010002010002010002010002010002010002010002010002010002010002010002010002010002010002010002010002010002010002010002010002010002010002010002010002010002010002010002010002010002010002010002010002010002010002010002010002010002010002010002010002010002010002010002010002010002010002010002010002010002010002010002010002010002010002010002010002010002010002010002010002010002010002010002010002010002010002010002010002010002010002010002010002010002010002010002010002010002010002010002010002010002010002010002010002010002010002010002010002010002010002010002010002010002010002010002010002010002010002010002010002010002010002010002010002010002010002010002010002010002010002010002010002010002010002010002010002010002010002010002010002010002010002010002010002010002010002010002010002010002010002010002010002010002010002010002010002010002010002010002010002010002010002010002010002010002010002010002010002526d8bdd000000f974524e53000102030405060708090a0b0c0d0e0f1011121314161718191a1b1c1d1e1f202122232425262728292a2b2c2d2e2f303132333435363738393a3b3c3d3e3f404142434445464748494a4b4c4d4e4f505152535455565758595a5b5c5e5f606162636465666768696a6c6d6e6f707172737475767778797a7b7c7d7e7f8081828384858788898a8b8c8d8e8f909192939495969798999a9b9c9d9e9fa0a1a2a3a4a5a6a7a8a9aaabacadaeafb0b1b2b4b5b6b7b8b9babbbcbdbebfc0c1c2c3c4c5c6c7c8c9cacbcccecfd0d1d2d3d4d5d6d7d8d9dadbdcdddedfe0e1e2e3e4e5e6e7e8e9eaebecedeeeff0f1f2f3f4f5f6f7f8f9fafbfcfdfed585c31b0000088d494441541819e5c179784e671e06e0e7fbb24862aba519b58dd862ab1adb989889adb19421462b86da97b19451caa068d0b4b6981a8da2224ca9ad35a31a51c4be17691a0cb54b288988c8f63dffcdd5ebea15d4929cf39d3739bfb7f70d14bdcaa3d6ecb9989d76f9d4c6299dfdf16b5365c241171ff1ddfb414efc7a04aec8e613523e0d2d895f85969b5d7cba075b879783ee02b7f3793257b586ce4accc8624112c69483ae82bf6761dc5f5e173a2abf828595b7b139b4d32f8546ec78155aa9be9d461ded0e7d04dfa409710da18961d9342577710568c0f39f34edf6684f4857723bdd91100cd94ac4d13d79e11e10cc6b0bdd165f056239d7d202b7ba4228c7725a63be37449a44ab1c7c010235c9a6650e948238bedfd1423b7d21cd225aea2b6fc812e2a2b5367b42129f2bb45a0c24194eebf5811c8e245a2fa522c4e84e1596438c3d5421bb1284684935c221440cd548764086cb54a41e44a8425506428437a8cac710613e55390e113650951f21c23754c5e501094e50998a90e02295a90b09ee52993f40823b54a62524b84a651a418233542600121ca732fe90601f95290d0962a98c13126ca62a9910613555b905119652954b1061015549840853a9ca5e88104655564284a654650a44284b557a4386142af23bc8b09f8a94810cd1542319424ca31afb204418d55809219a518da910a22cd5e80d296e5289a610a2512a951806195adda61aae7190a0d53d2a331102eca23a992fc2f6ea53a569b0bd30aa140ddb1b429536c1f6c652a558d8de10aab419b6d78c2a2d84edf9e452a171b0bf042ad413f6f76f2a5407f63791ea24438010aab30102f8539d3190e02a957905122ca12aff83086da9ca6c88e0bc41451a41860554e30484a8fc804af486141f51854427a4f04fa5027f861ca368bd2f2088c7715a2da31a241949abad872801b4da50c892448b55832c91b4562284e9446b2d8430be99b4541748f315adf4c00fd2bc452bc5419c3ab4d204c8b38fd6c9a90c797ad33a1b2090d7555aa61d249a46ab244224ff2c5a640c648aa135ee95854c2d688d2848758896680ca942698558c8b59deecb6d04b9eae7d06d51906c3edd95f622242b9b4c374d846c83e89ef325209be310ddd20bd2b570d10df1906f26cd4bab09f99c5b695a2fe8a0dc799ab4087a689249538e784313fd69c69d1ad0c6129ad003faf0de4bc33e804e4aeda2418ba017dfad34642e74e3bd9106cc817e3c56b1d06642478e252ca4a9d0d4db992c84f4c1d056e00116684f0034e3d900f93c2664f2b91e4c70225f2307345066dbfd6e7828f0009fe378433cd4277ba32fc4ab798acc7b070f798c39cf67b836c50bf91ce1240f578570c3eef127313e78c8d171530e9fe08afb8b271e2ab9913fb9d31792f9ff873f3b54098faa34e5073ee6c7b9b5f1a86a27f8b375e52156cf9bcc77b5391ee36cd1f7dde8bdd7c93b47d7cd1e14ec83c7042533dfd58e90a9cc4a3e2ab30f9ec2af3c9e6240161fb5d80f02b5fb81bf10f31b144ae5b5fc85a45690a6c1163e296d9c270ae435319d4f70adab0549aa2ccfe5539d6e83027448e453652ff687142f4464f2993e7b09cf51753d9f297d462948e033e1369f277dc9eff10c414b33f83cc9a3bc6077ce019758a0a47f54c5137e3bed2c0b742ecc015beb7a8a859217f7663d5fe4f3ad3f70a78b8572b43dec2b68370d705ddbb73a7ce8d0596bf65fa7115f37852d79f73dc422b2a79727ecc67ffa7516a14b932ac04e9ac764b188652e7b193651eacd032c16bbc27c51ec3c3bafc960b1b9bbb28313c5a97964328bd9b5794d504c02a625d11612265747d1ebb28bf6e1dad11e45caf9fa71dacc81d75064bc0626d1868ef574a028788fbe489b3afd570794ab79843616eb0fc5c2d2686b3742a092df32da9d2bc20bca344ca000076b409137ee5384d4ce50a27b0e85c86c070542b228c6bd56b0dc9f3228c89d5760b1e677294a4a202cd5e83685b9520316f23b43718e79c13a9114e83d58a68d8b02e53483454a5da0480925608d280af5212cd19152e505c102ceef29d6b70eb8af0f050b85db9c0914ec18dcf63a45eb0637394e52b42370532885eb02f71ca570fbe19606142f10ee9845f166c21de728de19b8a13935d00ce6cda706e6c134e7556ae08a1366b5a616fe08b3dea516a6c3ac386a210e267965500bf73c614e2b6aa205cc79879a781be6fc979af812a63852a9895b30a50ab5510966b4a336dac28cbf511b2360c6026a6321ccd84a6d6c8319e7a88d0b30c13397da70f9c0b88ad4c84b302e801a0984714da89116302e981ae900e3ba5123a130ae1f35d21fc68da44646c3b8c9d4c8141837871a791fc62da646fe05e3565323ab61dc166a640b8cdb458dec8471f1d4c81e18b78d1ad906e33652231b60dc2a6a241ac67d4c8d2c8671f3a8910f605c3835321dc64da246c6c3b8d1d4c8081837981ae907e3c2a8915018d7991a690be3ea53230130ae24f591eb05136e521b1761c6116a6337ccd8406d44c38cb9d4c60c98319ada180033ba511b6d60c6cbd44675985186bac8f18029d7a9894498f30535b112e64ca22646c09cb6d4441398532a975ac8f08449df520bbb615614b51001b306510b3d6156f9746a20c50fa645500393615ec5e80c0a77775969b8a3ccd0fd146c77ff92705b60c4758a7465762d58c3b3eba64c0a93b1beb3072ce4dbe5a3f314e3eca24e3eb05ebdf13bb2697b0fbe7eab3694291dfac979dad8d925dd4a4235ffee7376a6d376d2b687bf561145c5a3f1f04f135db489bcd3cb863470a2c8950bf9fbf2837759ac52f72d1ddbbe0c8a53d54ee3571cbccb2297baff93b1af56865d54eb3ceac3cf0fdda07aae6b07d6468c0ca90c5bf2a9133274564cfcc56c5a2eebc2aee8f70677a855022294abd33a74f8b4456bbf39959c4bd3726f9cdcf159e4d4613d826a978558ce0ad5ea366e19dcb147d880116327cf8c888c5af5f996d8f8c3a7ce5ebe999e9b937ef3f2999387e363bf5c171d15193163d2d811037a77ef18dcb2719d6a151c50eefff8a6baec6fc939aa0000000049454e44ae426082, 20),
('user2', 'pass2', NULL, NULL, 0),
('user3', 'pass3', '1990-02-02', NULL, 0),
('user4', 'pass4', NULL, NULL, 0),
('user5', 'pass5', NULL, NULL, 0);

--
-- Filtros para las tablas descargadas (dump)
--

--
-- Filtros para la tabla `amigo`
--
ALTER TABLE `amigo`
  ADD CONSTRAINT `amigo_ibfk_1` FOREIGN KEY (`nick`) REFERENCES `usuario` (`nick`) ON DELETE CASCADE ON UPDATE CASCADE,
  ADD CONSTRAINT `amigo_ibfk_2` FOREIGN KEY (`nick_amigo`) REFERENCES `usuario` (`nick`) ON DELETE CASCADE ON UPDATE CASCADE;

--
-- Filtros para la tabla `contenido`
--
ALTER TABLE `contenido`
  ADD CONSTRAINT `contenido_ibfk_2` FOREIGN KEY (`id_palabra`) REFERENCES `palabra` (`id`) ON DELETE CASCADE ON UPDATE CASCADE,
  ADD CONSTRAINT `contenido_ibfk_3` FOREIGN KEY (`id_crucigrama`) REFERENCES `crucigrama` (`id`) ON DELETE CASCADE ON UPDATE CASCADE;

--
-- Filtros para la tabla `contiene_etiqueta`
--
ALTER TABLE `contiene_etiqueta`
  ADD CONSTRAINT `contiene_etiqueta_ibfk_1` FOREIGN KEY (`id_etiqueta`) REFERENCES `etiqueta` (`id`) ON DELETE CASCADE ON UPDATE CASCADE,
  ADD CONSTRAINT `contiene_etiqueta_ibfk_2` FOREIGN KEY (`id_palabra`) REFERENCES `palabra` (`id`) ON DELETE CASCADE ON UPDATE CASCADE;

--
-- Filtros para la tabla `crucigrama_activo`
--
ALTER TABLE `crucigrama_activo`
  ADD CONSTRAINT `crucigrama_activo_ibfk_1` FOREIGN KEY (`nick_usuario`) REFERENCES `usuario` (`nick`) ON DELETE CASCADE ON UPDATE CASCADE,
  ADD CONSTRAINT `crucigrama_activo_ibfk_2` FOREIGN KEY (`id_crucigrama`) REFERENCES `crucigrama` (`id`) ON DELETE CASCADE ON UPDATE CASCADE;

--
-- Filtros para la tabla `crucigrama_entrante`
--
ALTER TABLE `crucigrama_entrante`
  ADD CONSTRAINT `crucigrama_entrante_ibfk_1` FOREIGN KEY (`nick`) REFERENCES `usuario` (`nick`) ON DELETE CASCADE ON UPDATE CASCADE,
  ADD CONSTRAINT `crucigrama_entrante_ibfk_2` FOREIGN KEY (`nick_amigo`) REFERENCES `usuario` (`nick`) ON DELETE CASCADE ON UPDATE CASCADE,
  ADD CONSTRAINT `crucigrama_entrante_ibfk_3` FOREIGN KEY (`id_crucigrama`) REFERENCES `crucigrama` (`id`) ON DELETE CASCADE ON UPDATE CASCADE;

--
-- Filtros para la tabla `palabra_resuelta`
--
ALTER TABLE `palabra_resuelta`
  ADD CONSTRAINT `palabra_resuelta_ibfk_1` FOREIGN KEY (`id_palabra`) REFERENCES `palabra` (`id`) ON DELETE CASCADE ON UPDATE CASCADE,
  ADD CONSTRAINT `palabra_resuelta_ibfk_3` FOREIGN KEY (`usuario_respuesta`) REFERENCES `usuario` (`nick`) ON DELETE CASCADE ON UPDATE CASCADE,
  ADD CONSTRAINT `palabra_resuelta_ibfk_4` FOREIGN KEY (`nick_usuario`) REFERENCES `crucigrama_activo` (`nick_usuario`) ON DELETE CASCADE ON UPDATE CASCADE,
  ADD CONSTRAINT `palabra_resuelta_ibfk_5` FOREIGN KEY (`id_crucigrama`) REFERENCES `crucigrama_activo` (`id_crucigrama`) ON DELETE CASCADE ON UPDATE CASCADE;
  
CREATE USER 'UsuarioP1';
GRANT SELECT, INSERT, UPDATE on usuario to UsuarioP1;
GRANT SELECT, INSERT, UPDATE, DELETE on crucigrama_activo to UsuarioP1;
GRANT SELECT, INSERT, UPDATE on crucigrama to UsuarioP1;
GRANT SELECT, INSERT, UPDATE on palabra_resuelta to UsuarioP1;
GRANT SELECT, INSERT, DELETE on amigo to UsuarioP1;
GRANT SELECT, INSERT, DELETE on crucigrama_entrante to UsuarioP1;
GRANT SELECT on etiqueta to UsuarioP1;
GRANT SELECT on contiene_etiqueta to UsuarioP1;
GRANT SELECT on palabra to UsuarioP1;
GRANT SELECT on contenido to UsuarioP1;

/*!40101 SET CHARACTER_SET_CLIENT=@OLD_CHARACTER_SET_CLIENT */;
/*!40101 SET CHARACTER_SET_RESULTS=@OLD_CHARACTER_SET_RESULTS */;
/*!40101 SET COLLATION_CONNECTION=@OLD_COLLATION_CONNECTION */;
